{
    "list": [{
        "date": "1997-11-11",
        "name": "林丽",
        "address": "吉林省 辽源市 龙山区",
        "id": "13212121ddd",
        "track": "477777777777777777",
        "product": "推流器",
        "number": "1"
    }, {
        "date": "1987-09-24",
        "name": "文敏",
        "address": "江西省 萍乡市 芦溪县",
        "id": "13212121ee",
        "track": "477777777777777777",
        "product": "推流器",
        "number": "1"
    }, {
        "date": "1996-08-08",
        "name": "杨秀兰",
        "address": "黑龙江省 黑河市 五大连池市",
        "id": "13212121cc",
        "track": "477777777777777777",
        "product": "推流器",
        "number": "1"
    }, {
        "date": "1978-06-18",
        "name": "魏强",
        "address": "广东省 韶关市 始兴县",
        "id": "13212121ff",
        "track": "477777777777777777",
        "product": "推流器",
        "number": "1"
    }, {
        "date": "1977-07-09",
        "name": "石秀兰",
        "address": "江苏省 宿迁市 宿豫区",
        "id": "13212121ii",
        "track": "477777777777777777",
        "product": "推流器",
        "number": "1"
    }, {
        "date": "1994-09-20",
        "name": "朱洋",
        "address": "海外 海外 -",
        "id": "13212121oo",
        "track": "477777777777777777",
        "product": "推流器",
        "number": "1"
    }]
}